{"0": [[0.00029, 78], [0.00029, 70], [0.00029, 24], [0.00029, 17], [0.00029, 2], [0.00028, 99], [0.00028, 98], [0.00028, 87], [0.00028, 85], [0.00028, 82]], "1": [[0.0003, 40], [0.0003, 22], [0.00029, 65], [0.00029, 55], [0.00029, 8], [0.00028, 91], [0.00028, 89], [0.00028, 85], [0.00028, 83], [0.00028, 82]], "2": [[0.0003, 39], [0.0003, 38], [0.0003, 17], [0.00029, 91], [0.00029, 85], [0.00029, 84], [0.00029, 82], [0.00029, 78], [0.00029, 70], [0.00029, 63]], "3": [[0.0003, 63], [0.00029, 93], [0.00029, 88], [0.00029, 76], [0.00029, 66], [0.00029, 62], [0.00029, 56], [0.00029, 29], [0.00029, 27], [0.00029, 12]], "4": [[0.00029, 76], [0.00028, 99], [0.00028, 97], [0.00028, 93], [0.00028, 81], [0.00028, 80], [0.00028, 78], [0.00028, 69], [0.00028, 63], [0.00028, 52]], "5": [[0.0003, 16], [0.00029, 91], [0.00029, 32], [0.00028, 98], [0.00028, 83], [0.00028, 80], [0.00028, 68], [0.00028, 67], [0.00028, 63], [0.00028, 61]], "6": [[0.00029, 75], [0.00029, 16], [0.00028, 97], [0.00028, 84], [0.00028, 69], [0.00028, 68], [0.00028, 53], [0.00028, 46], [0.00028, 27], [0.00028, 24]], "7": [[0.0003, 58], [0.0003, 52], [0.0003, 33], [0.0003, 16], [0.00029, 96], [0.00029, 85], [0.00029, 83], [0.00029, 80], [0.00029, 76], [0.00029, 66]], "8": [[0.0003, 76], [0.00029, 92], [0.00029, 89], [0.00029, 70], [0.00029, 39], [0.00029, 1], [0.00028, 97], [0.00028, 84], [0.00028, 68], [0.00028, 64]], "9": [[0.00029, 89], [0.00029, 87], [0.00029, 79], [0.00029, 74], [0.00029, 63], [0.00029, 52], [0.00029, 44], [0.00029, 32], [0.00028, 99], [0.00028, 93]], "10": [[0.00029, 91], [0.00029, 89], [0.00029, 54], [0.00029, 29], [0.00029, 17], [0.00028, 84], [0.00028, 83], [0.00028, 82], [0.00028, 80], [0.00028, 79]], "11": [[0.0003, 91], [0.0003, 82], [0.0003, 75], [0.0003, 70], [0.0003, 62], [0.0003, 39], [0.00029, 89], [0.00029, 86], [0.00029, 85], [0.00029, 84]], "12": [[0.00029, 82], [0.00029, 81], [0.00029, 79], [0.00029, 67], [0.00029, 48], [0.00029, 22], [0.00029, 3], [0.00028, 98], [0.00028, 93], [0.00028, 88]], "13": [[0.0003, 77], [0.0003, 73], [0.00029, 99], [0.00029, 91], [0.00029, 88], [0.00029, 82], [0.00029, 75], [0.00029, 66], [0.00029, 60], [0.00029, 50]], "14": [[0.0003, 76], [0.00029, 33], [0.00028, 93], [0.00028, 82], [0.00028, 78], [0.00028, 69], [0.00028, 66], [0.00028, 65], [0.00028, 59], [0.00028, 41]], "15": [[0.00029, 91], [0.00029, 76], [0.00029, 54], [0.00029, 46], [0.00029, 40], [0.00028, 90], [0.00028, 84], [0.00028, 79], [0.00028, 70], [0.00028, 69]], "16": [[0.0003, 97], [0.0003, 57], [0.0003, 7], [0.0003, 5], [0.00029, 99], [0.00029, 93], [0.00029, 89], [0.00029, 87], [0.00029, 78], [0.00029, 77]], "17": [[0.0003, 82], [0.0003, 76], [0.0003, 2], [0.00029, 72], [0.00029, 70], [0.00029, 59], [0.00029, 36], [0.00029, 32], [0.00029, 11], [0.00029, 10]], "18": [[0.00029, 80], [0.00028, 89], [0.00028, 88], [0.00028, 82], [0.00028, 63], [0.00028, 62], [0.00028, 57], [0.00028, 55], [0.00028, 54], [0.00028, 50]], "19": [[0.0003, 70], [0.0003, 69], [0.00029, 91], [0.00029, 85], [0.00029, 83], [0.00029, 80], [0.00029, 79], [0.00029, 78], [0.00029, 56], [0.00029, 54]], "20": [[0.00029, 82], [0.00029, 31], [0.00029, 29], [0.00029, 11], [0.00028, 98], [0.00028, 92], [0.00028, 89], [0.00028, 86], [0.00028, 83], [0.00028, 73]], "21": [[0.0003, 70], [0.0003, 27], [0.00029, 98], [0.00029, 88], [0.00029, 84], [0.00029, 77], [0.00029, 60], [0.00029, 57], [0.00029, 54], [0.00029, 51]], "22": [[0.0003, 1], [0.00029, 91], [0.00029, 89], [0.00029, 84], [0.00029, 62], [0.00029, 42], [0.00029, 12], [0.00028, 92], [0.00028, 83], [0.00028, 82]], "23": [[0.00031, 76], [0.00029, 91], [0.00029, 89], [0.00029, 88], [0.00029, 82], [0.00029, 80], [0.00029, 73], [0.00029, 72], [0.00029, 63], [0.00029, 49]], "24": [[0.0003, 33], [0.00029, 93], [0.00029, 91], [0.00029, 89], [0.00029, 88], [0.00029, 84], [0.00029, 77], [0.00029, 76], [0.00029, 63], [0.00029, 55]], "25": [[0.0003, 37], [0.00028, 94], [0.00028, 91], [0.00028, 89], [0.00028, 70], [0.00028, 63], [0.00028, 61], [0.00028, 54], [0.00028, 33], [0.00028, 31]], "26": [[0.00029, 91], [0.00029, 89], [0.00029, 66], [0.00029, 56], [0.00029, 52], [0.00029, 51], [0.00028, 96], [0.00028, 90], [0.00028, 88], [0.00028, 86]], "27": [[0.0003, 88], [0.0003, 62], [0.0003, 21], [0.00029, 70], [0.00029, 69], [0.00029, 66], [0.00029, 60], [0.00029, 57], [0.00029, 32], [0.00029, 29]], "28": [[0.0003, 57], [0.00029, 63], [0.00029, 62], [0.00029, 60], [0.00029, 19], [0.00028, 99], [0.00028, 85], [0.00028, 82], [0.00028, 80], [0.00028, 70]], "29": [[0.0003, 91], [0.0003, 89], [0.0003, 88], [0.00029, 86], [0.00029, 85], [0.00029, 82], [0.00029, 72], [0.00029, 69], [0.00029, 61], [0.00029, 45]], "30": [[0.0003, 32], [0.00029, 91], [0.00028, 89], [0.00028, 85], [0.00028, 83], [0.00028, 82], [0.00028, 81], [0.00028, 80], [0.00028, 63], [0.00028, 60]], "31": [[0.00032, 70], [0.0003, 93], [0.0003, 83], [0.0003, 53], [0.0003, 33], [0.00029, 78], [0.00029, 76], [0.00029, 73], [0.00029, 52], [0.00029, 50]], "32": [[0.0003, 59], [0.0003, 56], [0.0003, 30], [0.00029, 80], [0.00029, 78], [0.00029, 76], [0.00029, 69], [0.00029, 64], [0.00029, 61], [0.00029, 57]], "33": [[0.0003, 86], [0.0003, 76], [0.0003, 56], [0.0003, 31], [0.0003, 24], [0.0003, 7], [0.00029, 82], [0.00029, 80], [0.00029, 46], [0.00029, 29]], "34": [[0.00031, 85], [0.0003, 97], [0.00029, 91], [0.00029, 90], [0.00029, 76], [0.00029, 70], [0.00029, 68], [0.00029, 53], [0.00029, 52], [0.00029, 44]], "35": [[0.0003, 70], [0.00029, 55], [0.00028, 95], [0.00028, 91], [0.00028, 89], [0.00028, 83], [0.00028, 69], [0.00028, 63], [0.00028, 57], [0.00028, 28]], "36": [[0.0003, 80], [0.00029, 83], [0.00029, 76], [0.00029, 70], [0.00029, 51], [0.00029, 17], [0.00028, 85], [0.00028, 84], [0.00028, 81], [0.00028, 79]], "37": [[0.0003, 63], [0.0003, 54], [0.0003, 25], [0.00029, 97], [0.00029, 85], [0.00029, 83], [0.00029, 78], [0.00029, 75], [0.00029, 32], [0.00028, 95]], "38": [[0.0003, 2], [0.00029, 83], [0.00029, 82], [0.00029, 70], [0.00029, 31], [0.00028, 93], [0.00028, 90], [0.00028, 84], [0.00028, 76], [0.00028, 64]], "39": [[0.0003, 84], [0.0003, 82], [0.0003, 11], [0.0003, 2], [0.00029, 72], [0.00029, 70], [0.00029, 60], [0.00029, 57], [0.00029, 54], [0.00029, 47]], "40": [[0.0003, 1], [0.00029, 99], [0.00029, 82], [0.00029, 54], [0.00029, 46], [0.00029, 15], [0.00029, 11], [0.00028, 89], [0.00028, 83], [0.00028, 78]], "41": [[0.0003, 82], [0.0003, 45], [0.00029, 95], [0.00029, 84], [0.00029, 83], [0.00029, 80], [0.00029, 70], [0.00029, 69], [0.00029, 67], [0.00029, 63]], "42": [[0.00029, 82], [0.00029, 76], [0.00029, 68], [0.00029, 63], [0.00029, 58], [0.00029, 56], [0.00029, 44], [0.00029, 39], [0.00029, 22], [0.00029, 7]], "43": [[0.00028, 91], [0.00028, 82], [0.00028, 79], [0.00028, 70], [0.00028, 67], [0.00028, 66], [0.00028, 57], [0.00028, 53], [0.00028, 51], [0.00028, 50]], "44": [[0.00029, 66], [0.00029, 42], [0.00029, 34], [0.00029, 9], [0.00028, 98], [0.00028, 83], [0.00028, 62], [0.00028, 51], [0.00028, 47], [0.00028, 37]], "45": [[0.0003, 41], [0.00029, 89], [0.00029, 84], [0.00029, 70], [0.00029, 32], [0.00029, 29], [0.00029, 16], [0.00029, 2], [0.00028, 97], [0.00028, 88]], "46": [[0.00031, 91], [0.0003, 76], [0.00029, 83], [0.00029, 66], [0.00029, 57], [0.00029, 56], [0.00029, 52], [0.00029, 40], [0.00029, 33], [0.00029, 31]], "47": [[0.00029, 88], [0.00029, 83], [0.00029, 70], [0.00029, 39], [0.00029, 21], [0.00028, 91], [0.00028, 89], [0.00028, 87], [0.00028, 84], [0.00028, 80]], "48": [[0.0003, 89], [0.0003, 66], [0.00029, 73], [0.00029, 72], [0.00029, 70], [0.00029, 12], [0.00028, 98], [0.00028, 95], [0.00028, 90], [0.00028, 83]], "49": [[0.0003, 61], [0.00029, 85], [0.00029, 63], [0.00029, 31], [0.00029, 23], [0.00029, 2], [0.00028, 97], [0.00028, 91], [0.00028, 89], [0.00028, 86]], "50": [[0.00029, 78], [0.00029, 31], [0.00029, 13], [0.00028, 84], [0.00028, 83], [0.00028, 82], [0.00028, 75], [0.00028, 65], [0.00028, 63], [0.00028, 62]],